supplier,supplier_category,total_orders,on_time,late,avg_delay_days,compliance_rate,estimated_lead_time_mean,explanation
DIVA DONNA,,372,372,0,0.0,1.0,20,178 fornecedores. compliance_rate = entregas_no_prazo / total_pedidos. No prazo = mercadoria chegou em ate 45 dias da data do pedido. Atraso = mais de 45 dias para chegar. avg_delay_days = media de dias de atraso apenas nas entregas com atraso (>45d). lead_time_esperado = ~30 dias (varia por regime).
CLASS,,672,672,0,0.0,1.0,20,178 fornecedores. compliance_rate = entregas_no_prazo / total_pedidos. No prazo = mercadoria chegou em ate 45 dias da data do pedido. Atraso = mais de 45 dias para chegar. avg_delay_days = media de dias de atraso apenas nas entregas com atraso (>45d). lead_time_esperado = ~30 dias (varia por regime).
VI LINGERIE,,369,369,0,0.0,1.0,20,178 fornecedores. compliance_rate = entregas_no_prazo / total_pedidos. No prazo = mercadoria chegou em ate 45 dias da data do pedido. Atraso = mais de 45 dias para chegar. avg_delay_days = media de dias de atraso apenas nas entregas com atraso (>45d). lead_time_esperado = ~30 dias (varia por regime).
BRAS,,63,63,0,0.0,1.0,20,178 fornecedores. compliance_rate = entregas_no_prazo / total_pedidos. No prazo = mercadoria chegou em ate 45 dias da data do pedido. Atraso = mais de 45 dias para chegar. avg_delay_days = media de dias de atraso apenas nas entregas com atraso (>45d). lead_time_esperado = ~30 dias (varia por regime).
TRIFIL,,141,141,0,0.0,1.0,20,178 fornecedores. compliance_rate = entregas_no_prazo / total_pedidos. No prazo = mercadoria chegou em ate 45 dias da data do pedido. Atraso = mais de 45 dias para chegar. avg_delay_days = media de dias de atraso apenas nas entregas com atraso (>45d). lead_time_esperado = ~30 dias (varia por regime).
ZEE RUCCI,,304,304,0,0.0,1.0,20,178 fornecedores. compliance_rate = entregas_no_prazo / total_pedidos. No prazo = mercadoria chegou em ate 45 dias da data do pedido. Atraso = mais de 45 dias para chegar. avg_delay_days = media de dias de atraso apenas nas entregas com atraso (>45d). lead_time_esperado = ~30 dias (varia por regime).
LU MODAS,,67,67,0,0.0,1.0,20,178 fornecedores. compliance_rate = entregas_no_prazo / total_pedidos. No prazo = mercadoria chegou em ate 45 dias da data do pedido. Atraso = mais de 45 dias para chegar. avg_delay_days = media de dias de atraso apenas nas entregas com atraso (>45d). lead_time_esperado = ~30 dias (varia por regime).
EXINIA,,336,336,0,0.0,1.0,25,178 fornecedores. compliance_rate = entregas_no_prazo / total_pedidos. No prazo = mercadoria chegou em ate 45 dias da data do pedido. Atraso = mais de 45 dias para chegar. avg_delay_days = media de dias de atraso apenas nas entregas com atraso (>45d). lead_time_esperado = ~30 dias (varia por regime).
RIVANNA,,270,270,0,0.0,1.0,25,178 fornecedores. compliance_rate = entregas_no_prazo / total_pedidos. No prazo = mercadoria chegou em ate 45 dias da data do pedido. Atraso = mais de 45 dias para chegar. avg_delay_days = media de dias de atraso apenas nas entregas com atraso (>45d). lead_time_esperado = ~30 dias (varia por regime).
MENSAGEIRO DOS SONHOS,,55,55,0,0.0,1.0,25,178 fornecedores. compliance_rate = entregas_no_prazo / total_pedidos. No prazo = mercadoria chegou em ate 45 dias da data do pedido. Atraso = mais de 45 dias para chegar. avg_delay_days = media de dias de atraso apenas nas entregas com atraso (>45d). lead_time_esperado = ~30 dias (varia por regime).
SONHO DE PIJAMA,,89,89,0,0.0,1.0,25,178 fornecedores. compliance_rate = entregas_no_prazo / total_pedidos. No prazo = mercadoria chegou em ate 45 dias da data do pedido. Atraso = mais de 45 dias para chegar. avg_delay_days = media de dias de atraso apenas nas entregas com atraso (>45d). lead_time_esperado = ~30 dias (varia por regime).
DEMILLUS,,53,53,0,0.0,1.0,30,178 fornecedores. compliance_rate = entregas_no_prazo / total_pedidos. No prazo = mercadoria chegou em ate 45 dias da data do pedido. Atraso = mais de 45 dias para chegar. avg_delay_days = media de dias de atraso apenas nas entregas com atraso (>45d). lead_time_esperado = ~30 dias (varia por regime).
FOREVER FITNESS,,90,90,0,0.0,1.0,30,178 fornecedores. compliance_rate = entregas_no_prazo / total_pedidos. No prazo = mercadoria chegou em ate 45 dias da data do pedido. Atraso = mais de 45 dias para chegar. avg_delay_days = media de dias de atraso apenas nas entregas com atraso (>45d). lead_time_esperado = ~30 dias (varia por regime).
LIZ,,67,67,0,0.0,1.0,30,178 fornecedores. compliance_rate = entregas_no_prazo / total_pedidos. No prazo = mercadoria chegou em ate 45 dias da data do pedido. Atraso = mais de 45 dias para chegar. avg_delay_days = media de dias de atraso apenas nas entregas com atraso (>45d). lead_time_esperado = ~30 dias (varia por regime).
SENSARE,,91,91,0,0.0,1.0,30,178 fornecedores. compliance_rate = entregas_no_prazo / total_pedidos. No prazo = mercadoria chegou em ate 45 dias da data do pedido. Atraso = mais de 45 dias para chegar. avg_delay_days = media de dias de atraso apenas nas entregas com atraso (>45d). lead_time_esperado = ~30 dias (varia por regime).
ESBELT,,15,15,0,0.0,1.0,30,178 fornecedores. compliance_rate = entregas_no_prazo / total_pedidos. No prazo = mercadoria chegou em ate 45 dias da data do pedido. Atraso = mais de 45 dias para chegar. avg_delay_days = media de dias de atraso apenas nas entregas com atraso (>45d). lead_time_esperado = ~30 dias (varia por regime).
DIRA,,26,26,0,0.0,1.0,30,178 fornecedores. compliance_rate = entregas_no_prazo / total_pedidos. No prazo = mercadoria chegou em ate 45 dias da data do pedido. Atraso = mais de 45 dias para chegar. avg_delay_days = media de dias de atraso apenas nas entregas com atraso (>45d). lead_time_esperado = ~30 dias (varia por regime).
FEMINIS,,12,12,0,0.0,1.0,25,178 fornecedores. compliance_rate = entregas_no_prazo / total_pedidos. No prazo = mercadoria chegou em ate 45 dias da data do pedido. Atraso = mais de 45 dias para chegar. avg_delay_days = media de dias de atraso apenas nas entregas com atraso (>45d). lead_time_esperado = ~30 dias (varia por regime).
CHEERS,,155,155,0,0.0,1.0,30,178 fornecedores. compliance_rate = entregas_no_prazo / total_pedidos. No prazo = mercadoria chegou em ate 45 dias da data do pedido. Atraso = mais de 45 dias para chegar. avg_delay_days = media de dias de atraso apenas nas entregas com atraso (>45d). lead_time_esperado = ~30 dias (varia por regime).
MASH,,83,83,0,0.0,1.0,30,178 fornecedores. compliance_rate = entregas_no_prazo / total_pedidos. No prazo = mercadoria chegou em ate 45 dias da data do pedido. Atraso = mais de 45 dias para chegar. avg_delay_days = media de dias de atraso apenas nas entregas com atraso (>45d). lead_time_esperado = ~30 dias (varia por regime).
LUPO,,14,14,0,0.0,1.0,30,178 fornecedores. compliance_rate = entregas_no_prazo / total_pedidos. No prazo = mercadoria chegou em ate 45 dias da data do pedido. Atraso = mais de 45 dias para chegar. avg_delay_days = media de dias de atraso apenas nas entregas com atraso (>45d). lead_time_esperado = ~30 dias (varia por regime).
EROSS AFRODITE,,31,31,0,0.0,1.0,30,178 fornecedores. compliance_rate = entregas_no_prazo / total_pedidos. No prazo = mercadoria chegou em ate 45 dias da data do pedido. Atraso = mais de 45 dias para chegar. avg_delay_days = media de dias de atraso apenas nas entregas com atraso (>45d). lead_time_esperado = ~30 dias (varia por regime).
HELI,,153,153,0,0.0,1.0,35,178 fornecedores. compliance_rate = entregas_no_prazo / total_pedidos. No prazo = mercadoria chegou em ate 45 dias da data do pedido. Atraso = mais de 45 dias para chegar. avg_delay_days = media de dias de atraso apenas nas entregas com atraso (>45d). lead_time_esperado = ~30 dias (varia por regime).
EAGLE ROCK,,154,154,0,0.0,1.0,35,178 fornecedores. compliance_rate = entregas_no_prazo / total_pedidos. No prazo = mercadoria chegou em ate 45 dias da data do pedido. Atraso = mais de 45 dias para chegar. avg_delay_days = media de dias de atraso apenas nas entregas com atraso (>45d). lead_time_esperado = ~30 dias (varia por regime).
MROS,,252,252,0,0.0,1.0,35,178 fornecedores. compliance_rate = entregas_no_prazo / total_pedidos. No prazo = mercadoria chegou em ate 45 dias da data do pedido. Atraso = mais de 45 dias para chegar. avg_delay_days = media de dias de atraso apenas nas entregas com atraso (>45d). lead_time_esperado = ~30 dias (varia por regime).
TOP CAT,,69,69,0,0.0,1.0,30,178 fornecedores. compliance_rate = entregas_no_prazo / total_pedidos. No prazo = mercadoria chegou em ate 45 dias da data do pedido. Atraso = mais de 45 dias para chegar. avg_delay_days = media de dias de atraso apenas nas entregas com atraso (>45d). lead_time_esperado = ~30 dias (varia por regime).
REDPLAY,,2,2,0,0.0,1.0,30,178 fornecedores. compliance_rate = entregas_no_prazo / total_pedidos. No prazo = mercadoria chegou em ate 45 dias da data do pedido. Atraso = mais de 45 dias para chegar. avg_delay_days = media de dias de atraso apenas nas entregas com atraso (>45d). lead_time_esperado = ~30 dias (varia por regime).
AMOR BIJU,,17,17,0,0.0,1.0,35,178 fornecedores. compliance_rate = entregas_no_prazo / total_pedidos. No prazo = mercadoria chegou em ate 45 dias da data do pedido. Atraso = mais de 45 dias para chegar. avg_delay_days = media de dias de atraso apenas nas entregas com atraso (>45d). lead_time_esperado = ~30 dias (varia por regime).
HOLIN STONE,,96,96,0,0.0,1.0,35,178 fornecedores. compliance_rate = entregas_no_prazo / total_pedidos. No prazo = mercadoria chegou em ate 45 dias da data do pedido. Atraso = mais de 45 dias para chegar. avg_delay_days = media de dias de atraso apenas nas entregas com atraso (>45d). lead_time_esperado = ~30 dias (varia por regime).
SUB WAY,,71,71,0,0.0,1.0,35,178 fornecedores. compliance_rate = entregas_no_prazo / total_pedidos. No prazo = mercadoria chegou em ate 45 dias da data do pedido. Atraso = mais de 45 dias para chegar. avg_delay_days = media de dias de atraso apenas nas entregas com atraso (>45d). lead_time_esperado = ~30 dias (varia por regime).
SALOPP,,14,14,0,0.0,1.0,35,178 fornecedores. compliance_rate = entregas_no_prazo / total_pedidos. No prazo = mercadoria chegou em ate 45 dias da data do pedido. Atraso = mais de 45 dias para chegar. avg_delay_days = media de dias de atraso apenas nas entregas com atraso (>45d). lead_time_esperado = ~30 dias (varia por regime).
MARIA XIQUE,,56,56,0,0.0,1.0,35,178 fornecedores. compliance_rate = entregas_no_prazo / total_pedidos. No prazo = mercadoria chegou em ate 45 dias da data do pedido. Atraso = mais de 45 dias para chegar. avg_delay_days = media de dias de atraso apenas nas entregas com atraso (>45d). lead_time_esperado = ~30 dias (varia por regime).
BELA GAIA,,49,49,0,0.0,1.0,35,178 fornecedores. compliance_rate = entregas_no_prazo / total_pedidos. No prazo = mercadoria chegou em ate 45 dias da data do pedido. Atraso = mais de 45 dias para chegar. avg_delay_days = media de dias de atraso apenas nas entregas com atraso (>45d). lead_time_esperado = ~30 dias (varia por regime).
ISABELLE LINGERIE,,4,4,0,0.0,1.0,30,178 fornecedores. compliance_rate = entregas_no_prazo / total_pedidos. No prazo = mercadoria chegou em ate 45 dias da data do pedido. Atraso = mais de 45 dias para chegar. avg_delay_days = media de dias de atraso apenas nas entregas com atraso (>45d). lead_time_esperado = ~30 dias (varia por regime).
WANABEE,,49,49,0,0.0,1.0,35,178 fornecedores. compliance_rate = entregas_no_prazo / total_pedidos. No prazo = mercadoria chegou em ate 45 dias da data do pedido. Atraso = mais de 45 dias para chegar. avg_delay_days = media de dias de atraso apenas nas entregas com atraso (>45d). lead_time_esperado = ~30 dias (varia por regime).
ABSOLUT,,10,10,0,0.0,1.0,35,178 fornecedores. compliance_rate = entregas_no_prazo / total_pedidos. No prazo = mercadoria chegou em ate 45 dias da data do pedido. Atraso = mais de 45 dias para chegar. avg_delay_days = media de dias de atraso apenas nas entregas com atraso (>45d). lead_time_esperado = ~30 dias (varia por regime).
KEJ,,46,46,0,0.0,1.0,35,178 fornecedores. compliance_rate = entregas_no_prazo / total_pedidos. No prazo = mercadoria chegou em ate 45 dias da data do pedido. Atraso = mais de 45 dias para chegar. avg_delay_days = media de dias de atraso apenas nas entregas com atraso (>45d). lead_time_esperado = ~30 dias (varia por regime).
VALENTINA,,37,37,0,0.0,1.0,35,178 fornecedores. compliance_rate = entregas_no_prazo / total_pedidos. No prazo = mercadoria chegou em ate 45 dias da data do pedido. Atraso = mais de 45 dias para chegar. avg_delay_days = media de dias de atraso apenas nas entregas com atraso (>45d). lead_time_esperado = ~30 dias (varia por regime).
TOP ORANGE,,15,15,0,0.0,1.0,35,178 fornecedores. compliance_rate = entregas_no_prazo / total_pedidos. No prazo = mercadoria chegou em ate 45 dias da data do pedido. Atraso = mais de 45 dias para chegar. avg_delay_days = media de dias de atraso apenas nas entregas com atraso (>45d). lead_time_esperado = ~30 dias (varia por regime).
HERMES BALI,,26,26,0,0.0,1.0,35,178 fornecedores. compliance_rate = entregas_no_prazo / total_pedidos. No prazo = mercadoria chegou em ate 45 dias da data do pedido. Atraso = mais de 45 dias para chegar. avg_delay_days = media de dias de atraso apenas nas entregas com atraso (>45d). lead_time_esperado = ~30 dias (varia por regime).
FINA ESTAMPA,,75,75,0,0.0,1.0,35,178 fornecedores. compliance_rate = entregas_no_prazo / total_pedidos. No prazo = mercadoria chegou em ate 45 dias da data do pedido. Atraso = mais de 45 dias para chegar. avg_delay_days = media de dias de atraso apenas nas entregas com atraso (>45d). lead_time_esperado = ~30 dias (varia por regime).
MUCS,,5,5,0,0.0,1.0,35,178 fornecedores. compliance_rate = entregas_no_prazo / total_pedidos. No prazo = mercadoria chegou em ate 45 dias da data do pedido. Atraso = mais de 45 dias para chegar. avg_delay_days = media de dias de atraso apenas nas entregas com atraso (>45d). lead_time_esperado = ~30 dias (varia por regime).
REISUL,,48,48,0,0.0,1.0,35,178 fornecedores. compliance_rate = entregas_no_prazo / total_pedidos. No prazo = mercadoria chegou em ate 45 dias da data do pedido. Atraso = mais de 45 dias para chegar. avg_delay_days = media de dias de atraso apenas nas entregas com atraso (>45d). lead_time_esperado = ~30 dias (varia por regime).
CHIC CORAL,,51,51,0,0.0,1.0,35,178 fornecedores. compliance_rate = entregas_no_prazo / total_pedidos. No prazo = mercadoria chegou em ate 45 dias da data do pedido. Atraso = mais de 45 dias para chegar. avg_delay_days = media de dias de atraso apenas nas entregas com atraso (>45d). lead_time_esperado = ~30 dias (varia por regime).
LACK,,49,49,0,0.0,1.0,35,178 fornecedores. compliance_rate = entregas_no_prazo / total_pedidos. No prazo = mercadoria chegou em ate 45 dias da data do pedido. Atraso = mais de 45 dias para chegar. avg_delay_days = media de dias de atraso apenas nas entregas com atraso (>45d). lead_time_esperado = ~30 dias (varia por regime).
LOVE SECRET,,46,46,0,0.0,1.0,35,178 fornecedores. compliance_rate = entregas_no_prazo / total_pedidos. No prazo = mercadoria chegou em ate 45 dias da data do pedido. Atraso = mais de 45 dias para chegar. avg_delay_days = media de dias de atraso apenas nas entregas com atraso (>45d). lead_time_esperado = ~30 dias (varia por regime).
ELLABELLE,,16,16,0,0.0,1.0,35,178 fornecedores. compliance_rate = entregas_no_prazo / total_pedidos. No prazo = mercadoria chegou em ate 45 dias da data do pedido. Atraso = mais de 45 dias para chegar. avg_delay_days = media de dias de atraso apenas nas entregas com atraso (>45d). lead_time_esperado = ~30 dias (varia por regime).
REPREL,,24,24,0,0.0,1.0,35,178 fornecedores. compliance_rate = entregas_no_prazo / total_pedidos. No prazo = mercadoria chegou em ate 45 dias da data do pedido. Atraso = mais de 45 dias para chegar. avg_delay_days = media de dias de atraso apenas nas entregas com atraso (>45d). lead_time_esperado = ~30 dias (varia por regime).
BIOTIPO,,29,29,0,0.0,1.0,35,178 fornecedores. compliance_rate = entregas_no_prazo / total_pedidos. No prazo = mercadoria chegou em ate 45 dias da data do pedido. Atraso = mais de 45 dias para chegar. avg_delay_days = media de dias de atraso apenas nas entregas com atraso (>45d). lead_time_esperado = ~30 dias (varia por regime).
MAURO BIJU,,56,56,0,0.0,1.0,35,178 fornecedores. compliance_rate = entregas_no_prazo / total_pedidos. No prazo = mercadoria chegou em ate 45 dias da data do pedido. Atraso = mais de 45 dias para chegar. avg_delay_days = media de dias de atraso apenas nas entregas com atraso (>45d). lead_time_esperado = ~30 dias (varia por regime).
CONSCIENCIA,,19,19,0,0.0,1.0,35,178 fornecedores. compliance_rate = entregas_no_prazo / total_pedidos. No prazo = mercadoria chegou em ate 45 dias da data do pedido. Atraso = mais de 45 dias para chegar. avg_delay_days = media de dias de atraso apenas nas entregas com atraso (>45d). lead_time_esperado = ~30 dias (varia por regime).
ANANY,,44,44,0,0.0,1.0,35,178 fornecedores. compliance_rate = entregas_no_prazo / total_pedidos. No prazo = mercadoria chegou em ate 45 dias da data do pedido. Atraso = mais de 45 dias para chegar. avg_delay_days = media de dias de atraso apenas nas entregas com atraso (>45d). lead_time_esperado = ~30 dias (varia por regime).
BELLA VITTA,,2,2,0,0.0,1.0,35,178 fornecedores. compliance_rate = entregas_no_prazo / total_pedidos. No prazo = mercadoria chegou em ate 45 dias da data do pedido. Atraso = mais de 45 dias para chegar. avg_delay_days = media de dias de atraso apenas nas entregas com atraso (>45d). lead_time_esperado = ~30 dias (varia por regime).
TOQUE INTIMO,,31,31,0,0.0,1.0,30,178 fornecedores. compliance_rate = entregas_no_prazo / total_pedidos. No prazo = mercadoria chegou em ate 45 dias da data do pedido. Atraso = mais de 45 dias para chegar. avg_delay_days = media de dias de atraso apenas nas entregas com atraso (>45d). lead_time_esperado = ~30 dias (varia por regime).
MODELAN,,19,19,0,0.0,1.0,35,178 fornecedores. compliance_rate = entregas_no_prazo / total_pedidos. No prazo = mercadoria chegou em ate 45 dias da data do pedido. Atraso = mais de 45 dias para chegar. avg_delay_days = media de dias de atraso apenas nas entregas com atraso (>45d). lead_time_esperado = ~30 dias (varia por regime).
M&S FASHION,,27,27,0,0.0,1.0,35,178 fornecedores. compliance_rate = entregas_no_prazo / total_pedidos. No prazo = mercadoria chegou em ate 45 dias da data do pedido. Atraso = mais de 45 dias para chegar. avg_delay_days = media de dias de atraso apenas nas entregas com atraso (>45d). lead_time_esperado = ~30 dias (varia por regime).
LAMAR,,74,74,0,0.0,1.0,35,178 fornecedores. compliance_rate = entregas_no_prazo / total_pedidos. No prazo = mercadoria chegou em ate 45 dias da data do pedido. Atraso = mais de 45 dias para chegar. avg_delay_days = media de dias de atraso apenas nas entregas com atraso (>45d). lead_time_esperado = ~30 dias (varia por regime).
TETRA LINGERIE,,7,7,0,0.0,1.0,35,178 fornecedores. compliance_rate = entregas_no_prazo / total_pedidos. No prazo = mercadoria chegou em ate 45 dias da data do pedido. Atraso = mais de 45 dias para chegar. avg_delay_days = media de dias de atraso apenas nas entregas com atraso (>45d). lead_time_esperado = ~30 dias (varia por regime).
AQUA DOCE,,23,23,0,0.0,1.0,35,178 fornecedores. compliance_rate = entregas_no_prazo / total_pedidos. No prazo = mercadoria chegou em ate 45 dias da data do pedido. Atraso = mais de 45 dias para chegar. avg_delay_days = media de dias de atraso apenas nas entregas com atraso (>45d). lead_time_esperado = ~30 dias (varia por regime).
N&V TRICOT,,7,7,0,0.0,1.0,35,178 fornecedores. compliance_rate = entregas_no_prazo / total_pedidos. No prazo = mercadoria chegou em ate 45 dias da data do pedido. Atraso = mais de 45 dias para chegar. avg_delay_days = media de dias de atraso apenas nas entregas com atraso (>45d). lead_time_esperado = ~30 dias (varia por regime).
EXTIN,,7,7,0,0.0,1.0,35,178 fornecedores. compliance_rate = entregas_no_prazo / total_pedidos. No prazo = mercadoria chegou em ate 45 dias da data do pedido. Atraso = mais de 45 dias para chegar. avg_delay_days = media de dias de atraso apenas nas entregas com atraso (>45d). lead_time_esperado = ~30 dias (varia por regime).
CORPO SENSUAL,,34,34,0,0.0,1.0,35,178 fornecedores. compliance_rate = entregas_no_prazo / total_pedidos. No prazo = mercadoria chegou em ate 45 dias da data do pedido. Atraso = mais de 45 dias para chegar. avg_delay_days = media de dias de atraso apenas nas entregas com atraso (>45d). lead_time_esperado = ~30 dias (varia por regime).
MIKASA,,4,4,0,0.0,1.0,35,178 fornecedores. compliance_rate = entregas_no_prazo / total_pedidos. No prazo = mercadoria chegou em ate 45 dias da data do pedido. Atraso = mais de 45 dias para chegar. avg_delay_days = media de dias de atraso apenas nas entregas com atraso (>45d). lead_time_esperado = ~30 dias (varia por regime).
YUTZ,,4,4,0,0.0,1.0,35,178 fornecedores. compliance_rate = entregas_no_prazo / total_pedidos. No prazo = mercadoria chegou em ate 45 dias da data do pedido. Atraso = mais de 45 dias para chegar. avg_delay_days = media de dias de atraso apenas nas entregas com atraso (>45d). lead_time_esperado = ~30 dias (varia por regime).
MARIAH,,15,15,0,0.0,1.0,35,178 fornecedores. compliance_rate = entregas_no_prazo / total_pedidos. No prazo = mercadoria chegou em ate 45 dias da data do pedido. Atraso = mais de 45 dias para chegar. avg_delay_days = media de dias de atraso apenas nas entregas com atraso (>45d). lead_time_esperado = ~30 dias (varia por regime).
VIBO,,1,1,0,0.0,1.0,35,178 fornecedores. compliance_rate = entregas_no_prazo / total_pedidos. No prazo = mercadoria chegou em ate 45 dias da data do pedido. Atraso = mais de 45 dias para chegar. avg_delay_days = media de dias de atraso apenas nas entregas com atraso (>45d). lead_time_esperado = ~30 dias (varia por regime).
INTER BIJU,,5,5,0,0.0,1.0,35,178 fornecedores. compliance_rate = entregas_no_prazo / total_pedidos. No prazo = mercadoria chegou em ate 45 dias da data do pedido. Atraso = mais de 45 dias para chegar. avg_delay_days = media de dias de atraso apenas nas entregas com atraso (>45d). lead_time_esperado = ~30 dias (varia por regime).
CENSATO,,2,2,0,0.0,1.0,30,178 fornecedores. compliance_rate = entregas_no_prazo / total_pedidos. No prazo = mercadoria chegou em ate 45 dias da data do pedido. Atraso = mais de 45 dias para chegar. avg_delay_days = media de dias de atraso apenas nas entregas com atraso (>45d). lead_time_esperado = ~30 dias (varia por regime).
LKF LINGERIE,,18,18,0,0.0,1.0,35,178 fornecedores. compliance_rate = entregas_no_prazo / total_pedidos. No prazo = mercadoria chegou em ate 45 dias da data do pedido. Atraso = mais de 45 dias para chegar. avg_delay_days = media de dias de atraso apenas nas entregas com atraso (>45d). lead_time_esperado = ~30 dias (varia por regime).
MISS FASHION,,2,2,0,0.0,1.0,35,178 fornecedores. compliance_rate = entregas_no_prazo / total_pedidos. No prazo = mercadoria chegou em ate 45 dias da data do pedido. Atraso = mais de 45 dias para chegar. avg_delay_days = media de dias de atraso apenas nas entregas com atraso (>45d). lead_time_esperado = ~30 dias (varia por regime).
FAVORITAS,,2,2,0,0.0,1.0,35,178 fornecedores. compliance_rate = entregas_no_prazo / total_pedidos. No prazo = mercadoria chegou em ate 45 dias da data do pedido. Atraso = mais de 45 dias para chegar. avg_delay_days = media de dias de atraso apenas nas entregas com atraso (>45d). lead_time_esperado = ~30 dias (varia por regime).
KARISMA BIJU,,3,3,0,0.0,1.0,35,178 fornecedores. compliance_rate = entregas_no_prazo / total_pedidos. No prazo = mercadoria chegou em ate 45 dias da data do pedido. Atraso = mais de 45 dias para chegar. avg_delay_days = media de dias de atraso apenas nas entregas com atraso (>45d). lead_time_esperado = ~30 dias (varia por regime).
QDIABLA,,5,5,0,0.0,1.0,35,178 fornecedores. compliance_rate = entregas_no_prazo / total_pedidos. No prazo = mercadoria chegou em ate 45 dias da data do pedido. Atraso = mais de 45 dias para chegar. avg_delay_days = media de dias de atraso apenas nas entregas com atraso (>45d). lead_time_esperado = ~30 dias (varia por regime).
FORWHY,,2,2,0,0.0,1.0,35,178 fornecedores. compliance_rate = entregas_no_prazo / total_pedidos. No prazo = mercadoria chegou em ate 45 dias da data do pedido. Atraso = mais de 45 dias para chegar. avg_delay_days = media de dias de atraso apenas nas entregas com atraso (>45d). lead_time_esperado = ~30 dias (varia por regime).
LOVERLY,,5,5,0,0.0,1.0,35,178 fornecedores. compliance_rate = entregas_no_prazo / total_pedidos. No prazo = mercadoria chegou em ate 45 dias da data do pedido. Atraso = mais de 45 dias para chegar. avg_delay_days = media de dias de atraso apenas nas entregas com atraso (>45d). lead_time_esperado = ~30 dias (varia por regime).
MOISELLE,,3,3,0,0.0,1.0,35,178 fornecedores. compliance_rate = entregas_no_prazo / total_pedidos. No prazo = mercadoria chegou em ate 45 dias da data do pedido. Atraso = mais de 45 dias para chegar. avg_delay_days = media de dias de atraso apenas nas entregas com atraso (>45d). lead_time_esperado = ~30 dias (varia por regime).
KESSEY,,1,1,0,0.0,1.0,35,178 fornecedores. compliance_rate = entregas_no_prazo / total_pedidos. No prazo = mercadoria chegou em ate 45 dias da data do pedido. Atraso = mais de 45 dias para chegar. avg_delay_days = media de dias de atraso apenas nas entregas com atraso (>45d). lead_time_esperado = ~30 dias (varia por regime).
LOOK HILL,,3,3,0,0.0,1.0,35,178 fornecedores. compliance_rate = entregas_no_prazo / total_pedidos. No prazo = mercadoria chegou em ate 45 dias da data do pedido. Atraso = mais de 45 dias para chegar. avg_delay_days = media de dias de atraso apenas nas entregas com atraso (>45d). lead_time_esperado = ~30 dias (varia por regime).
MARY ANNE,,2,2,0,0.0,1.0,35,178 fornecedores. compliance_rate = entregas_no_prazo / total_pedidos. No prazo = mercadoria chegou em ate 45 dias da data do pedido. Atraso = mais de 45 dias para chegar. avg_delay_days = media de dias de atraso apenas nas entregas com atraso (>45d). lead_time_esperado = ~30 dias (varia por regime).
PACIFIC BLUE,,5,5,0,0.0,1.0,35,178 fornecedores. compliance_rate = entregas_no_prazo / total_pedidos. No prazo = mercadoria chegou em ate 45 dias da data do pedido. Atraso = mais de 45 dias para chegar. avg_delay_days = media de dias de atraso apenas nas entregas com atraso (>45d). lead_time_esperado = ~30 dias (varia por regime).
ROAD MEL,,8,8,0,0.0,1.0,35,178 fornecedores. compliance_rate = entregas_no_prazo / total_pedidos. No prazo = mercadoria chegou em ate 45 dias da data do pedido. Atraso = mais de 45 dias para chegar. avg_delay_days = media de dias de atraso apenas nas entregas com atraso (>45d). lead_time_esperado = ~30 dias (varia por regime).
EMOCIONE,,4,4,0,0.0,1.0,35,178 fornecedores. compliance_rate = entregas_no_prazo / total_pedidos. No prazo = mercadoria chegou em ate 45 dias da data do pedido. Atraso = mais de 45 dias para chegar. avg_delay_days = media de dias de atraso apenas nas entregas com atraso (>45d). lead_time_esperado = ~30 dias (varia por regime).
FAVAROS,,3,3,0,0.0,1.0,35,178 fornecedores. compliance_rate = entregas_no_prazo / total_pedidos. No prazo = mercadoria chegou em ate 45 dias da data do pedido. Atraso = mais de 45 dias para chegar. avg_delay_days = media de dias de atraso apenas nas entregas com atraso (>45d). lead_time_esperado = ~30 dias (varia por regime).
CHESS,,5,5,0,0.0,1.0,35,178 fornecedores. compliance_rate = entregas_no_prazo / total_pedidos. No prazo = mercadoria chegou em ate 45 dias da data do pedido. Atraso = mais de 45 dias para chegar. avg_delay_days = media de dias de atraso apenas nas entregas com atraso (>45d). lead_time_esperado = ~30 dias (varia por regime).
MIXXON,,8,8,0,0.0,1.0,35,178 fornecedores. compliance_rate = entregas_no_prazo / total_pedidos. No prazo = mercadoria chegou em ate 45 dias da data do pedido. Atraso = mais de 45 dias para chegar. avg_delay_days = media de dias de atraso apenas nas entregas com atraso (>45d). lead_time_esperado = ~30 dias (varia por regime).
INCENTIVE,,9,9,0,0.0,1.0,35,178 fornecedores. compliance_rate = entregas_no_prazo / total_pedidos. No prazo = mercadoria chegou em ate 45 dias da data do pedido. Atraso = mais de 45 dias para chegar. avg_delay_days = media de dias de atraso apenas nas entregas com atraso (>45d). lead_time_esperado = ~30 dias (varia por regime).
IPOIPO,,2,2,0,0.0,1.0,35,178 fornecedores. compliance_rate = entregas_no_prazo / total_pedidos. No prazo = mercadoria chegou em ate 45 dias da data do pedido. Atraso = mais de 45 dias para chegar. avg_delay_days = media de dias de atraso apenas nas entregas com atraso (>45d). lead_time_esperado = ~30 dias (varia por regime).
RELUZ BIJU,,5,5,0,0.0,1.0,35,178 fornecedores. compliance_rate = entregas_no_prazo / total_pedidos. No prazo = mercadoria chegou em ate 45 dias da data do pedido. Atraso = mais de 45 dias para chegar. avg_delay_days = media de dias de atraso apenas nas entregas com atraso (>45d). lead_time_esperado = ~30 dias (varia por regime).
GAB FASHION - ESPATHI,,2,2,0,0.0,1.0,35,178 fornecedores. compliance_rate = entregas_no_prazo / total_pedidos. No prazo = mercadoria chegou em ate 45 dias da data do pedido. Atraso = mais de 45 dias para chegar. avg_delay_days = media de dias de atraso apenas nas entregas com atraso (>45d). lead_time_esperado = ~30 dias (varia por regime).
UNIVERSE S/A,,3,3,0,0.0,1.0,35,178 fornecedores. compliance_rate = entregas_no_prazo / total_pedidos. No prazo = mercadoria chegou em ate 45 dias da data do pedido. Atraso = mais de 45 dias para chegar. avg_delay_days = media de dias de atraso apenas nas entregas com atraso (>45d). lead_time_esperado = ~30 dias (varia por regime).
LINFON,,1,0,0,0.0,1.0,35,178 fornecedores. compliance_rate = entregas_no_prazo / total_pedidos. No prazo = mercadoria chegou em ate 45 dias da data do pedido. Atraso = mais de 45 dias para chegar. avg_delay_days = media de dias de atraso apenas nas entregas com atraso (>45d). lead_time_esperado = ~30 dias (varia por regime).
AQUAMARINE,,2,0,0,0.0,1.0,35,178 fornecedores. compliance_rate = entregas_no_prazo / total_pedidos. No prazo = mercadoria chegou em ate 45 dias da data do pedido. Atraso = mais de 45 dias para chegar. avg_delay_days = media de dias de atraso apenas nas entregas com atraso (>45d). lead_time_esperado = ~30 dias (varia por regime).
ROSA SAFIRA,,11,0,0,0.0,1.0,35,178 fornecedores. compliance_rate = entregas_no_prazo / total_pedidos. No prazo = mercadoria chegou em ate 45 dias da data do pedido. Atraso = mais de 45 dias para chegar. avg_delay_days = media de dias de atraso apenas nas entregas com atraso (>45d). lead_time_esperado = ~30 dias (varia por regime).
FLOR DE LOTUS,,1,0,0,0.0,1.0,35,178 fornecedores. compliance_rate = entregas_no_prazo / total_pedidos. No prazo = mercadoria chegou em ate 45 dias da data do pedido. Atraso = mais de 45 dias para chegar. avg_delay_days = media de dias de atraso apenas nas entregas com atraso (>45d). lead_time_esperado = ~30 dias (varia por regime).
ADOORO,,1,0,0,0.0,1.0,35,178 fornecedores. compliance_rate = entregas_no_prazo / total_pedidos. No prazo = mercadoria chegou em ate 45 dias da data do pedido. Atraso = mais de 45 dias para chegar. avg_delay_days = media de dias de atraso apenas nas entregas com atraso (>45d). lead_time_esperado = ~30 dias (varia por regime).
BLACK JEANS,,1,0,0,0.0,1.0,35,178 fornecedores. compliance_rate = entregas_no_prazo / total_pedidos. No prazo = mercadoria chegou em ate 45 dias da data do pedido. Atraso = mais de 45 dias para chegar. avg_delay_days = media de dias de atraso apenas nas entregas com atraso (>45d). lead_time_esperado = ~30 dias (varia por regime).
SOSSO,,1,0,0,0.0,1.0,35,178 fornecedores. compliance_rate = entregas_no_prazo / total_pedidos. No prazo = mercadoria chegou em ate 45 dias da data do pedido. Atraso = mais de 45 dias para chegar. avg_delay_days = media de dias de atraso apenas nas entregas com atraso (>45d). lead_time_esperado = ~30 dias (varia por regime).
AISHTY,,2,0,0,0.0,1.0,35,178 fornecedores. compliance_rate = entregas_no_prazo / total_pedidos. No prazo = mercadoria chegou em ate 45 dias da data do pedido. Atraso = mais de 45 dias para chegar. avg_delay_days = media de dias de atraso apenas nas entregas com atraso (>45d). lead_time_esperado = ~30 dias (varia por regime).
LAIBEL,,43,0,0,0.0,1.0,30,178 fornecedores. compliance_rate = entregas_no_prazo / total_pedidos. No prazo = mercadoria chegou em ate 45 dias da data do pedido. Atraso = mais de 45 dias para chegar. avg_delay_days = media de dias de atraso apenas nas entregas com atraso (>45d). lead_time_esperado = ~30 dias (varia por regime).
100% MORENA,,2,0,0,0.0,1.0,35,178 fornecedores. compliance_rate = entregas_no_prazo / total_pedidos. No prazo = mercadoria chegou em ate 45 dias da data do pedido. Atraso = mais de 45 dias para chegar. avg_delay_days = media de dias de atraso apenas nas entregas com atraso (>45d). lead_time_esperado = ~30 dias (varia por regime).
BEM TE VI,,1,0,0,0.0,1.0,35,178 fornecedores. compliance_rate = entregas_no_prazo / total_pedidos. No prazo = mercadoria chegou em ate 45 dias da data do pedido. Atraso = mais de 45 dias para chegar. avg_delay_days = media de dias de atraso apenas nas entregas com atraso (>45d). lead_time_esperado = ~30 dias (varia por regime).
ELAVESTE,,1,0,0,0.0,1.0,35,178 fornecedores. compliance_rate = entregas_no_prazo / total_pedidos. No prazo = mercadoria chegou em ate 45 dias da data do pedido. Atraso = mais de 45 dias para chegar. avg_delay_days = media de dias de atraso apenas nas entregas com atraso (>45d). lead_time_esperado = ~30 dias (varia por regime).
MARIA CANDIDA,,2,0,0,0.0,1.0,35,178 fornecedores. compliance_rate = entregas_no_prazo / total_pedidos. No prazo = mercadoria chegou em ate 45 dias da data do pedido. Atraso = mais de 45 dias para chegar. avg_delay_days = media de dias de atraso apenas nas entregas com atraso (>45d). lead_time_esperado = ~30 dias (varia por regime).
MARKINY,,1,0,0,0.0,1.0,35,178 fornecedores. compliance_rate = entregas_no_prazo / total_pedidos. No prazo = mercadoria chegou em ate 45 dias da data do pedido. Atraso = mais de 45 dias para chegar. avg_delay_days = media de dias de atraso apenas nas entregas com atraso (>45d). lead_time_esperado = ~30 dias (varia por regime).
CATIVA,,64,0,0,0.0,1.0,25,178 fornecedores. compliance_rate = entregas_no_prazo / total_pedidos. No prazo = mercadoria chegou em ate 45 dias da data do pedido. Atraso = mais de 45 dias para chegar. avg_delay_days = media de dias de atraso apenas nas entregas com atraso (>45d). lead_time_esperado = ~30 dias (varia por regime).
AREIA DO MAR,,1,0,0,0.0,1.0,35,178 fornecedores. compliance_rate = entregas_no_prazo / total_pedidos. No prazo = mercadoria chegou em ate 45 dias da data do pedido. Atraso = mais de 45 dias para chegar. avg_delay_days = media de dias de atraso apenas nas entregas com atraso (>45d). lead_time_esperado = ~30 dias (varia por regime).
DEL AMO,,1,0,0,0.0,1.0,35,178 fornecedores. compliance_rate = entregas_no_prazo / total_pedidos. No prazo = mercadoria chegou em ate 45 dias da data do pedido. Atraso = mais de 45 dias para chegar. avg_delay_days = media de dias de atraso apenas nas entregas com atraso (>45d). lead_time_esperado = ~30 dias (varia por regime).
EXPRIM,,1,0,0,0.0,1.0,35,178 fornecedores. compliance_rate = entregas_no_prazo / total_pedidos. No prazo = mercadoria chegou em ate 45 dias da data do pedido. Atraso = mais de 45 dias para chegar. avg_delay_days = media de dias de atraso apenas nas entregas com atraso (>45d). lead_time_esperado = ~30 dias (varia por regime).
ERVA DOCE,,1,0,0,0.0,1.0,35,178 fornecedores. compliance_rate = entregas_no_prazo / total_pedidos. No prazo = mercadoria chegou em ate 45 dias da data do pedido. Atraso = mais de 45 dias para chegar. avg_delay_days = media de dias de atraso apenas nas entregas com atraso (>45d). lead_time_esperado = ~30 dias (varia por regime).
PUFF,,10,0,0,0.0,1.0,35,178 fornecedores. compliance_rate = entregas_no_prazo / total_pedidos. No prazo = mercadoria chegou em ate 45 dias da data do pedido. Atraso = mais de 45 dias para chegar. avg_delay_days = media de dias de atraso apenas nas entregas com atraso (>45d). lead_time_esperado = ~30 dias (varia por regime).
LINNA LINGERIE,,2,0,0,0.0,1.0,35,178 fornecedores. compliance_rate = entregas_no_prazo / total_pedidos. No prazo = mercadoria chegou em ate 45 dias da data do pedido. Atraso = mais de 45 dias para chegar. avg_delay_days = media de dias de atraso apenas nas entregas com atraso (>45d). lead_time_esperado = ~30 dias (varia por regime).
FORMACAO FITNESS,,2,0,0,0.0,1.0,35,178 fornecedores. compliance_rate = entregas_no_prazo / total_pedidos. No prazo = mercadoria chegou em ate 45 dias da data do pedido. Atraso = mais de 45 dias para chegar. avg_delay_days = media de dias de atraso apenas nas entregas com atraso (>45d). lead_time_esperado = ~30 dias (varia por regime).
BFIRST,,1,0,0,0.0,1.0,35,178 fornecedores. compliance_rate = entregas_no_prazo / total_pedidos. No prazo = mercadoria chegou em ate 45 dias da data do pedido. Atraso = mais de 45 dias para chegar. avg_delay_days = media de dias de atraso apenas nas entregas com atraso (>45d). lead_time_esperado = ~30 dias (varia por regime).
ZORIK,,1,0,0,0.0,1.0,35,178 fornecedores. compliance_rate = entregas_no_prazo / total_pedidos. No prazo = mercadoria chegou em ate 45 dias da data do pedido. Atraso = mais de 45 dias para chegar. avg_delay_days = media de dias de atraso apenas nas entregas com atraso (>45d). lead_time_esperado = ~30 dias (varia por regime).
LIEBE LINGERIE,,16,0,0,0.0,1.0,35,178 fornecedores. compliance_rate = entregas_no_prazo / total_pedidos. No prazo = mercadoria chegou em ate 45 dias da data do pedido. Atraso = mais de 45 dias para chegar. avg_delay_days = media de dias de atraso apenas nas entregas com atraso (>45d). lead_time_esperado = ~30 dias (varia por regime).
FILTON,,1,0,0,0.0,1.0,35,178 fornecedores. compliance_rate = entregas_no_prazo / total_pedidos. No prazo = mercadoria chegou em ate 45 dias da data do pedido. Atraso = mais de 45 dias para chegar. avg_delay_days = media de dias de atraso apenas nas entregas com atraso (>45d). lead_time_esperado = ~30 dias (varia por regime).
BLACK PINK,,1,0,0,0.0,1.0,35,178 fornecedores. compliance_rate = entregas_no_prazo / total_pedidos. No prazo = mercadoria chegou em ate 45 dias da data do pedido. Atraso = mais de 45 dias para chegar. avg_delay_days = media de dias de atraso apenas nas entregas com atraso (>45d). lead_time_esperado = ~30 dias (varia por regime).
PANDORAS,,1,0,0,0.0,1.0,35,178 fornecedores. compliance_rate = entregas_no_prazo / total_pedidos. No prazo = mercadoria chegou em ate 45 dias da data do pedido. Atraso = mais de 45 dias para chegar. avg_delay_days = media de dias de atraso apenas nas entregas com atraso (>45d). lead_time_esperado = ~30 dias (varia por regime).
BELEZA ORIGINAL,,1,0,0,0.0,1.0,35,178 fornecedores. compliance_rate = entregas_no_prazo / total_pedidos. No prazo = mercadoria chegou em ate 45 dias da data do pedido. Atraso = mais de 45 dias para chegar. avg_delay_days = media de dias de atraso apenas nas entregas com atraso (>45d). lead_time_esperado = ~30 dias (varia por regime).
FRAMBOESA TRICOT,,10,0,0,0.0,1.0,35,178 fornecedores. compliance_rate = entregas_no_prazo / total_pedidos. No prazo = mercadoria chegou em ate 45 dias da data do pedido. Atraso = mais de 45 dias para chegar. avg_delay_days = media de dias de atraso apenas nas entregas com atraso (>45d). lead_time_esperado = ~30 dias (varia por regime).
PIMENTA QUENTE,,2,0,0,0.0,1.0,35,178 fornecedores. compliance_rate = entregas_no_prazo / total_pedidos. No prazo = mercadoria chegou em ate 45 dias da data do pedido. Atraso = mais de 45 dias para chegar. avg_delay_days = media de dias de atraso apenas nas entregas com atraso (>45d). lead_time_esperado = ~30 dias (varia por regime).
PELLE NUDA,,4,0,0,0.0,1.0,35,178 fornecedores. compliance_rate = entregas_no_prazo / total_pedidos. No prazo = mercadoria chegou em ate 45 dias da data do pedido. Atraso = mais de 45 dias para chegar. avg_delay_days = media de dias de atraso apenas nas entregas com atraso (>45d). lead_time_esperado = ~30 dias (varia por regime).
SABALA,,3,0,0,0.0,1.0,35,178 fornecedores. compliance_rate = entregas_no_prazo / total_pedidos. No prazo = mercadoria chegou em ate 45 dias da data do pedido. Atraso = mais de 45 dias para chegar. avg_delay_days = media de dias de atraso apenas nas entregas com atraso (>45d). lead_time_esperado = ~30 dias (varia por regime).
ARSIE JEANS,,2,0,0,0.0,1.0,35,178 fornecedores. compliance_rate = entregas_no_prazo / total_pedidos. No prazo = mercadoria chegou em ate 45 dias da data do pedido. Atraso = mais de 45 dias para chegar. avg_delay_days = media de dias de atraso apenas nas entregas com atraso (>45d). lead_time_esperado = ~30 dias (varia por regime).
CLUB SODA,,1,0,0,0.0,1.0,35,178 fornecedores. compliance_rate = entregas_no_prazo / total_pedidos. No prazo = mercadoria chegou em ate 45 dias da data do pedido. Atraso = mais de 45 dias para chegar. avg_delay_days = media de dias de atraso apenas nas entregas com atraso (>45d). lead_time_esperado = ~30 dias (varia por regime).
CEREJA ROSA,,1,0,0,0.0,1.0,35,178 fornecedores. compliance_rate = entregas_no_prazo / total_pedidos. No prazo = mercadoria chegou em ate 45 dias da data do pedido. Atraso = mais de 45 dias para chegar. avg_delay_days = media de dias de atraso apenas nas entregas com atraso (>45d). lead_time_esperado = ~30 dias (varia por regime).
VISLUMBRE,,16,0,0,0.0,1.0,35,178 fornecedores. compliance_rate = entregas_no_prazo / total_pedidos. No prazo = mercadoria chegou em ate 45 dias da data do pedido. Atraso = mais de 45 dias para chegar. avg_delay_days = media de dias de atraso apenas nas entregas com atraso (>45d). lead_time_esperado = ~30 dias (varia por regime).
FAIWEI,,1,0,0,0.0,1.0,35,178 fornecedores. compliance_rate = entregas_no_prazo / total_pedidos. No prazo = mercadoria chegou em ate 45 dias da data do pedido. Atraso = mais de 45 dias para chegar. avg_delay_days = media de dias de atraso apenas nas entregas com atraso (>45d). lead_time_esperado = ~30 dias (varia por regime).
RAFAMARY,,12,0,0,0.0,1.0,35,178 fornecedores. compliance_rate = entregas_no_prazo / total_pedidos. No prazo = mercadoria chegou em ate 45 dias da data do pedido. Atraso = mais de 45 dias para chegar. avg_delay_days = media de dias de atraso apenas nas entregas com atraso (>45d). lead_time_esperado = ~30 dias (varia por regime).
M25,,39,0,0,0.0,1.0,30,178 fornecedores. compliance_rate = entregas_no_prazo / total_pedidos. No prazo = mercadoria chegou em ate 45 dias da data do pedido. Atraso = mais de 45 dias para chegar. avg_delay_days = media de dias de atraso apenas nas entregas com atraso (>45d). lead_time_esperado = ~30 dias (varia por regime).
DIARA,,1,0,0,0.0,1.0,35,178 fornecedores. compliance_rate = entregas_no_prazo / total_pedidos. No prazo = mercadoria chegou em ate 45 dias da data do pedido. Atraso = mais de 45 dias para chegar. avg_delay_days = media de dias de atraso apenas nas entregas com atraso (>45d). lead_time_esperado = ~30 dias (varia por regime).
TKS,,1,0,0,0.0,1.0,35,178 fornecedores. compliance_rate = entregas_no_prazo / total_pedidos. No prazo = mercadoria chegou em ate 45 dias da data do pedido. Atraso = mais de 45 dias para chegar. avg_delay_days = media de dias de atraso apenas nas entregas com atraso (>45d). lead_time_esperado = ~30 dias (varia por regime).
CHERMOND FITNESS,,1,0,0,0.0,1.0,35,178 fornecedores. compliance_rate = entregas_no_prazo / total_pedidos. No prazo = mercadoria chegou em ate 45 dias da data do pedido. Atraso = mais de 45 dias para chegar. avg_delay_days = media de dias de atraso apenas nas entregas com atraso (>45d). lead_time_esperado = ~30 dias (varia por regime).
KEANLI TRICOT,,4,0,0,0.0,1.0,35,178 fornecedores. compliance_rate = entregas_no_prazo / total_pedidos. No prazo = mercadoria chegou em ate 45 dias da data do pedido. Atraso = mais de 45 dias para chegar. avg_delay_days = media de dias de atraso apenas nas entregas com atraso (>45d). lead_time_esperado = ~30 dias (varia por regime).
CHRIS E DEDIKATTO,,2,0,0,0.0,1.0,35,178 fornecedores. compliance_rate = entregas_no_prazo / total_pedidos. No prazo = mercadoria chegou em ate 45 dias da data do pedido. Atraso = mais de 45 dias para chegar. avg_delay_days = media de dias de atraso apenas nas entregas com atraso (>45d). lead_time_esperado = ~30 dias (varia por regime).
QUINTESS,,11,0,0,0.0,1.0,35,178 fornecedores. compliance_rate = entregas_no_prazo / total_pedidos. No prazo = mercadoria chegou em ate 45 dias da data do pedido. Atraso = mais de 45 dias para chegar. avg_delay_days = media de dias de atraso apenas nas entregas com atraso (>45d). lead_time_esperado = ~30 dias (varia por regime).
KADE LINGERIE,,1,0,0,0.0,1.0,35,178 fornecedores. compliance_rate = entregas_no_prazo / total_pedidos. No prazo = mercadoria chegou em ate 45 dias da data do pedido. Atraso = mais de 45 dias para chegar. avg_delay_days = media de dias de atraso apenas nas entregas com atraso (>45d). lead_time_esperado = ~30 dias (varia por regime).
INSTAR,,1,0,0,0.0,1.0,35,178 fornecedores. compliance_rate = entregas_no_prazo / total_pedidos. No prazo = mercadoria chegou em ate 45 dias da data do pedido. Atraso = mais de 45 dias para chegar. avg_delay_days = media de dias de atraso apenas nas entregas com atraso (>45d). lead_time_esperado = ~30 dias (varia por regime).
ONLY SHOW,,7,0,0,0.0,1.0,35,178 fornecedores. compliance_rate = entregas_no_prazo / total_pedidos. No prazo = mercadoria chegou em ate 45 dias da data do pedido. Atraso = mais de 45 dias para chegar. avg_delay_days = media de dias de atraso apenas nas entregas com atraso (>45d). lead_time_esperado = ~30 dias (varia por regime).
EDVANI PROMO,,2,0,0,0.0,1.0,35,178 fornecedores. compliance_rate = entregas_no_prazo / total_pedidos. No prazo = mercadoria chegou em ate 45 dias da data do pedido. Atraso = mais de 45 dias para chegar. avg_delay_days = media de dias de atraso apenas nas entregas com atraso (>45d). lead_time_esperado = ~30 dias (varia por regime).
VALENTINA LINGERIE,,1,0,0,0.0,1.0,35,178 fornecedores. compliance_rate = entregas_no_prazo / total_pedidos. No prazo = mercadoria chegou em ate 45 dias da data do pedido. Atraso = mais de 45 dias para chegar. avg_delay_days = media de dias de atraso apenas nas entregas com atraso (>45d). lead_time_esperado = ~30 dias (varia por regime).
SAMPRAIA,,25,0,0,0.0,1.0,30,178 fornecedores. compliance_rate = entregas_no_prazo / total_pedidos. No prazo = mercadoria chegou em ate 45 dias da data do pedido. Atraso = mais de 45 dias para chegar. avg_delay_days = media de dias de atraso apenas nas entregas com atraso (>45d). lead_time_esperado = ~30 dias (varia por regime).
RAZLA,,1,0,0,0.0,1.0,35,178 fornecedores. compliance_rate = entregas_no_prazo / total_pedidos. No prazo = mercadoria chegou em ate 45 dias da data do pedido. Atraso = mais de 45 dias para chegar. avg_delay_days = media de dias de atraso apenas nas entregas com atraso (>45d). lead_time_esperado = ~30 dias (varia por regime).
SALDOS,,2,0,0,0.0,1.0,35,178 fornecedores. compliance_rate = entregas_no_prazo / total_pedidos. No prazo = mercadoria chegou em ate 45 dias da data do pedido. Atraso = mais de 45 dias para chegar. avg_delay_days = media de dias de atraso apenas nas entregas com atraso (>45d). lead_time_esperado = ~30 dias (varia por regime).
FRENCHKISS,,1,0,0,0.0,1.0,35,178 fornecedores. compliance_rate = entregas_no_prazo / total_pedidos. No prazo = mercadoria chegou em ate 45 dias da data do pedido. Atraso = mais de 45 dias para chegar. avg_delay_days = media de dias de atraso apenas nas entregas com atraso (>45d). lead_time_esperado = ~30 dias (varia por regime).
SILVER FOX,,1,0,0,0.0,1.0,35,178 fornecedores. compliance_rate = entregas_no_prazo / total_pedidos. No prazo = mercadoria chegou em ate 45 dias da data do pedido. Atraso = mais de 45 dias para chegar. avg_delay_days = media de dias de atraso apenas nas entregas com atraso (>45d). lead_time_esperado = ~30 dias (varia por regime).
LINDA FASHION,,4,0,0,0.0,1.0,35,178 fornecedores. compliance_rate = entregas_no_prazo / total_pedidos. No prazo = mercadoria chegou em ate 45 dias da data do pedido. Atraso = mais de 45 dias para chegar. avg_delay_days = media de dias de atraso apenas nas entregas com atraso (>45d). lead_time_esperado = ~30 dias (varia por regime).
FLOR LINGERIE,,1,0,0,0.0,1.0,35,178 fornecedores. compliance_rate = entregas_no_prazo / total_pedidos. No prazo = mercadoria chegou em ate 45 dias da data do pedido. Atraso = mais de 45 dias para chegar. avg_delay_days = media de dias de atraso apenas nas entregas com atraso (>45d). lead_time_esperado = ~30 dias (varia por regime).
DESEJO DE USAR,,4,0,0,0.0,1.0,35,178 fornecedores. compliance_rate = entregas_no_prazo / total_pedidos. No prazo = mercadoria chegou em ate 45 dias da data do pedido. Atraso = mais de 45 dias para chegar. avg_delay_days = media de dias de atraso apenas nas entregas com atraso (>45d). lead_time_esperado = ~30 dias (varia por regime).
PELE QUENTE,,4,0,0,0.0,1.0,35,178 fornecedores. compliance_rate = entregas_no_prazo / total_pedidos. No prazo = mercadoria chegou em ate 45 dias da data do pedido. Atraso = mais de 45 dias para chegar. avg_delay_days = media de dias de atraso apenas nas entregas com atraso (>45d). lead_time_esperado = ~30 dias (varia por regime).
JACKLINNE,,25,0,0,0.0,1.0,30,178 fornecedores. compliance_rate = entregas_no_prazo / total_pedidos. No prazo = mercadoria chegou em ate 45 dias da data do pedido. Atraso = mais de 45 dias para chegar. avg_delay_days = media de dias de atraso apenas nas entregas com atraso (>45d). lead_time_esperado = ~30 dias (varia por regime).
AUDIOVISUAL,,1,0,0,0.0,1.0,35,178 fornecedores. compliance_rate = entregas_no_prazo / total_pedidos. No prazo = mercadoria chegou em ate 45 dias da data do pedido. Atraso = mais de 45 dias para chegar. avg_delay_days = media de dias de atraso apenas nas entregas com atraso (>45d). lead_time_esperado = ~30 dias (varia por regime).
SILVIO ANDERS,,3,0,0,0.0,1.0,35,178 fornecedores. compliance_rate = entregas_no_prazo / total_pedidos. No prazo = mercadoria chegou em ate 45 dias da data do pedido. Atraso = mais de 45 dias para chegar. avg_delay_days = media de dias de atraso apenas nas entregas com atraso (>45d). lead_time_esperado = ~30 dias (varia por regime).
FILLEBELLE,,1,0,0,0.0,1.0,35,178 fornecedores. compliance_rate = entregas_no_prazo / total_pedidos. No prazo = mercadoria chegou em ate 45 dias da data do pedido. Atraso = mais de 45 dias para chegar. avg_delay_days = media de dias de atraso apenas nas entregas com atraso (>45d). lead_time_esperado = ~30 dias (varia por regime).
KOHMAR,,2,0,0,0.0,1.0,35,178 fornecedores. compliance_rate = entregas_no_prazo / total_pedidos. No prazo = mercadoria chegou em ate 45 dias da data do pedido. Atraso = mais de 45 dias para chegar. avg_delay_days = media de dias de atraso apenas nas entregas com atraso (>45d). lead_time_esperado = ~30 dias (varia por regime).
BRILHO DA SEDA,,3,0,0,0.0,1.0,35,178 fornecedores. compliance_rate = entregas_no_prazo / total_pedidos. No prazo = mercadoria chegou em ate 45 dias da data do pedido. Atraso = mais de 45 dias para chegar. avg_delay_days = media de dias de atraso apenas nas entregas com atraso (>45d). lead_time_esperado = ~30 dias (varia por regime).
JULIA MORAES,,6,0,0,0.0,1.0,35,178 fornecedores. compliance_rate = entregas_no_prazo / total_pedidos. No prazo = mercadoria chegou em ate 45 dias da data do pedido. Atraso = mais de 45 dias para chegar. avg_delay_days = media de dias de atraso apenas nas entregas com atraso (>45d). lead_time_esperado = ~30 dias (varia por regime).
BOM EXITO,,1,0,0,0.0,1.0,35,178 fornecedores. compliance_rate = entregas_no_prazo / total_pedidos. No prazo = mercadoria chegou em ate 45 dias da data do pedido. Atraso = mais de 45 dias para chegar. avg_delay_days = media de dias de atraso apenas nas entregas com atraso (>45d). lead_time_esperado = ~30 dias (varia por regime).
JIMY JEANS,,1,0,0,0.0,1.0,35,178 fornecedores. compliance_rate = entregas_no_prazo / total_pedidos. No prazo = mercadoria chegou em ate 45 dias da data do pedido. Atraso = mais de 45 dias para chegar. avg_delay_days = media de dias de atraso apenas nas entregas com atraso (>45d). lead_time_esperado = ~30 dias (varia por regime).
DEGLIN,,4,0,0,0.0,1.0,35,178 fornecedores. compliance_rate = entregas_no_prazo / total_pedidos. No prazo = mercadoria chegou em ate 45 dias da data do pedido. Atraso = mais de 45 dias para chegar. avg_delay_days = media de dias de atraso apenas nas entregas com atraso (>45d). lead_time_esperado = ~30 dias (varia por regime).
KRAKATOA,,1,0,0,0.0,1.0,35,178 fornecedores. compliance_rate = entregas_no_prazo / total_pedidos. No prazo = mercadoria chegou em ate 45 dias da data do pedido. Atraso = mais de 45 dias para chegar. avg_delay_days = media de dias de atraso apenas nas entregas com atraso (>45d). lead_time_esperado = ~30 dias (varia por regime).
VENE,,4,0,0,0.0,1.0,35,178 fornecedores. compliance_rate = entregas_no_prazo / total_pedidos. No prazo = mercadoria chegou em ate 45 dias da data do pedido. Atraso = mais de 45 dias para chegar. avg_delay_days = media de dias de atraso apenas nas entregas com atraso (>45d). lead_time_esperado = ~30 dias (varia por regime).
KLIMA QUENTE,,5,0,0,0.0,1.0,35,178 fornecedores. compliance_rate = entregas_no_prazo / total_pedidos. No prazo = mercadoria chegou em ate 45 dias da data do pedido. Atraso = mais de 45 dias para chegar. avg_delay_days = media de dias de atraso apenas nas entregas com atraso (>45d). lead_time_esperado = ~30 dias (varia por regime).
REVANCHE,,1,0,0,0.0,1.0,35,178 fornecedores. compliance_rate = entregas_no_prazo / total_pedidos. No prazo = mercadoria chegou em ate 45 dias da data do pedido. Atraso = mais de 45 dias para chegar. avg_delay_days = media de dias de atraso apenas nas entregas com atraso (>45d). lead_time_esperado = ~30 dias (varia por regime).
FACIL TEXTIL,,2,0,0,0.0,1.0,35,178 fornecedores. compliance_rate = entregas_no_prazo / total_pedidos. No prazo = mercadoria chegou em ate 45 dias da data do pedido. Atraso = mais de 45 dias para chegar. avg_delay_days = media de dias de atraso apenas nas entregas com atraso (>45d). lead_time_esperado = ~30 dias (varia por regime).
VIA TENTAÇÃO,,1,0,0,0.0,1.0,35,178 fornecedores. compliance_rate = entregas_no_prazo / total_pedidos. No prazo = mercadoria chegou em ate 45 dias da data do pedido. Atraso = mais de 45 dias para chegar. avg_delay_days = media de dias de atraso apenas nas entregas com atraso (>45d). lead_time_esperado = ~30 dias (varia por regime).
TRIUMPH,,15,0,0,0.0,1.0,35,178 fornecedores. compliance_rate = entregas_no_prazo / total_pedidos. No prazo = mercadoria chegou em ate 45 dias da data do pedido. Atraso = mais de 45 dias para chegar. avg_delay_days = media de dias de atraso apenas nas entregas com atraso (>45d). lead_time_esperado = ~30 dias (varia por regime).
EMELY,,2,0,0,0.0,1.0,35,178 fornecedores. compliance_rate = entregas_no_prazo / total_pedidos. No prazo = mercadoria chegou em ate 45 dias da data do pedido. Atraso = mais de 45 dias para chegar. avg_delay_days = media de dias de atraso apenas nas entregas com atraso (>45d). lead_time_esperado = ~30 dias (varia por regime).
LENDA DA MODA,,2,0,0,0.0,1.0,35,178 fornecedores. compliance_rate = entregas_no_prazo / total_pedidos. No prazo = mercadoria chegou em ate 45 dias da data do pedido. Atraso = mais de 45 dias para chegar. avg_delay_days = media de dias de atraso apenas nas entregas com atraso (>45d). lead_time_esperado = ~30 dias (varia por regime).
MY BLUE CATCH,,5,0,0,0.0,1.0,35,178 fornecedores. compliance_rate = entregas_no_prazo / total_pedidos. No prazo = mercadoria chegou em ate 45 dias da data do pedido. Atraso = mais de 45 dias para chegar. avg_delay_days = media de dias de atraso apenas nas entregas com atraso (>45d). lead_time_esperado = ~30 dias (varia por regime).
ANNI,,4,0,0,0.0,1.0,35,178 fornecedores. compliance_rate = entregas_no_prazo / total_pedidos. No prazo = mercadoria chegou em ate 45 dias da data do pedido. Atraso = mais de 45 dias para chegar. avg_delay_days = media de dias de atraso apenas nas entregas com atraso (>45d). lead_time_esperado = ~30 dias (varia por regime).
YINGZI,,1,0,0,0.0,1.0,35,178 fornecedores. compliance_rate = entregas_no_prazo / total_pedidos. No prazo = mercadoria chegou em ate 45 dias da data do pedido. Atraso = mais de 45 dias para chegar. avg_delay_days = media de dias de atraso apenas nas entregas com atraso (>45d). lead_time_esperado = ~30 dias (varia por regime).
GIULIANA TRICOT,,1,0,0,0.0,1.0,35,178 fornecedores. compliance_rate = entregas_no_prazo / total_pedidos. No prazo = mercadoria chegou em ate 45 dias da data do pedido. Atraso = mais de 45 dias para chegar. avg_delay_days = media de dias de atraso apenas nas entregas com atraso (>45d). lead_time_esperado = ~30 dias (varia por regime).
ENOQUE BIJU,,2,0,0,0.0,1.0,35,178 fornecedores. compliance_rate = entregas_no_prazo / total_pedidos. No prazo = mercadoria chegou em ate 45 dias da data do pedido. Atraso = mais de 45 dias para chegar. avg_delay_days = media de dias de atraso apenas nas entregas com atraso (>45d). lead_time_esperado = ~30 dias (varia por regime).
MANGOSTAR,,1,0,0,0.0,1.0,35,178 fornecedores. compliance_rate = entregas_no_prazo / total_pedidos. No prazo = mercadoria chegou em ate 45 dias da data do pedido. Atraso = mais de 45 dias para chegar. avg_delay_days = media de dias de atraso apenas nas entregas com atraso (>45d). lead_time_esperado = ~30 dias (varia por regime).
JESCRI,,1,0,0,0.0,1.0,35,178 fornecedores. compliance_rate = entregas_no_prazo / total_pedidos. No prazo = mercadoria chegou em ate 45 dias da data do pedido. Atraso = mais de 45 dias para chegar. avg_delay_days = media de dias de atraso apenas nas entregas com atraso (>45d). lead_time_esperado = ~30 dias (varia por regime).
SEX SHOP,,7,0,0,0.0,1.0,35,178 fornecedores. compliance_rate = entregas_no_prazo / total_pedidos. No prazo = mercadoria chegou em ate 45 dias da data do pedido. Atraso = mais de 45 dias para chegar. avg_delay_days = media de dias de atraso apenas nas entregas com atraso (>45d). lead_time_esperado = ~30 dias (varia por regime).
CONFECCOES CANAA,,2,0,0,0.0,1.0,35,178 fornecedores. compliance_rate = entregas_no_prazo / total_pedidos. No prazo = mercadoria chegou em ate 45 dias da data do pedido. Atraso = mais de 45 dias para chegar. avg_delay_days = media de dias de atraso apenas nas entregas com atraso (>45d). lead_time_esperado = ~30 dias (varia por regime).
